Title,DATE
Rogers v. Koons,1992/04/02
Kienitz v. Sconnie Nation LLC,2014/09/15
Reyher v. Children's Television Workshop,1976/04/05
TCA Television Corp. v. McCollum,2016/10/11
"Society of the Holy Transfiguration Monastery, Inc. v. Archbishop Gregory of Denver, Colorado",2010/12/03
Myers v. Harold,2017/08/24
Fisher v. Dees,1986/07/10
Fravel v. Columbus Rehab. & Subacute Inst.,2015/12/10
Bassett v. Jensen,2020/05/11
"MCA, Inc. v. Wilson",1981/07/30
"Flo & Eddie, Inc. v. Sirius XM Radio, Inc.",2014/11/14
"Los Angeles News Service v. Reuters Television Intern., Ltd.",1998/07/13
"Fox News Network, LLC v. Tveyes, Inc.",2018/02/27
NXIVM Corp. v. Ross Institute,2004/04/20
"Campbell v. Acuff-Rose Music, Inc.",1994/03/07
"Video Pipeline, Inc. v. Buena Vista Home Entertainment, Inc.",2003/08/26
Compaq Computer Corp. v. Ergonome Inc.,2004/10/05
Stewart v. Abend,1990/04/24
Pieczenik v. Bayer Corp.,2012/03/22
Institute for Development of Earth Awareness v. People for Ethical Treatment of Animals,2011/03/10
"Roy Export Co. Establishment of Vaduz, Liechtenstein v. Columbia Broadcasting System, Inc.",1982/03/04
"Sony Corp. of America v. Universal City Studios, Inc.",1984/01/17
Hustler Magazine Inc. v. Moral Majority Inc.,1986/08/12
Lenz v. Universal Music Corp.,2016/03/17
"Louis Vuitton Malletier, S.A. v. My Other Bag, Inc.",2016/01/06
Cariou v. Prince,2011/03/18
"Sony Computer Entertainment, Inc. v. Connectix Corp.",2000/02/10
Estate of Smith v. Graham,2020/02/03
