Title,Citation,CitedCaseName
"Fox News Network, LLC v. Tveyes, Inc.",150 F.3d 104,Infinity Broadcast Corp. v. Kirkwood
Institute for Development of Earth Awareness v. People for Ethical Treatment of Animals,150 F.3d 104,Infinity Broadcast Corp. v. Kirkwood
NXIVM Corp. v. Ross Institute,150 F.3d 104,Infinity Broadcast Corp. v. Kirkwood
"Sony Computer Entertainment, Inc. v. Connectix Corp.",150 F.3d 104,Infinity Broadcast Corp. v. Kirkwood
"Flo & Eddie, Inc. v. Sirius XM Radio, Inc.",954 F.Supp.2d 282,"Authors Guild, Inc. v. Google Inc."
Bassett v. Jensen,471 U.S. 539,"Harper & Row Publishers, Inc. v. Nation Enterprises"
"Campbell v. Acuff-Rose Music, Inc.",471 U.S. 539,"Harper & Row Publishers, Inc. v. Nation Enterprises"
Cariou v. Prince,471 U.S. 539,"Harper & Row Publishers, Inc. v. Nation Enterprises"
"Fox News Network, LLC v. Tveyes, Inc.",471 U.S. 539,"Harper & Row Publishers, Inc. v. Nation Enterprises"
Hustler Magazine Inc. v. Moral Majority Inc.,471 U.S. 539,"Harper & Row Publishers, Inc. v. Nation Enterprises"
"Los Angeles News Service v. Reuters Television Intern., Ltd.",471 U.S. 539,"Harper & Row Publishers, Inc. v. Nation Enterprises"
"Louis Vuitton Malletier, S.A. v. My Other Bag, Inc.",471 U.S. 539,"Harper & Row Publishers, Inc. v. Nation Enterprises"
NXIVM Corp. v. Ross Institute,471 U.S. 539,"Harper & Row Publishers, Inc. v. Nation Enterprises"
Rogers v. Koons,471 U.S. 539,"Harper & Row Publishers, Inc. v. Nation Enterprises"
"Society of the Holy Transfiguration Monastery, Inc. v. Archbishop Gregory of Denver, Colorado",471 U.S. 539,"Harper & Row Publishers, Inc. v. Nation Enterprises"
"Sony Computer Entertainment, Inc. v. Connectix Corp.",471 U.S. 539,"Harper & Row Publishers, Inc. v. Nation Enterprises"
Stewart v. Abend,471 U.S. 539,"Harper & Row Publishers, Inc. v. Nation Enterprises"
TCA Television Corp. v. McCollum,471 U.S. 539,"Harper & Row Publishers, Inc. v. Nation Enterprises"
"Video Pipeline, Inc. v. Buena Vista Home Entertainment, Inc.",471 U.S. 539,"Harper & Row Publishers, Inc. v. Nation Enterprises"
Cariou v. Prince,60 F.3d 913,American Geophysical Union v. Texaco Inc.
"Flo & Eddie, Inc. v. Sirius XM Radio, Inc.",60 F.3d 913,American Geophysical Union v. Texaco Inc.
"Fox News Network, LLC v. Tveyes, Inc.",60 F.3d 913,American Geophysical Union v. Texaco Inc.
NXIVM Corp. v. Ross Institute,60 F.3d 913,American Geophysical Union v. Texaco Inc.
"Sony Computer Entertainment, Inc. v. Connectix Corp.",60 F.3d 913,American Geophysical Union v. Texaco Inc.
TCA Television Corp. v. McCollum,60 F.3d 913,American Geophysical Union v. Texaco Inc.
"Society of the Holy Transfiguration Monastery, Inc. v. Archbishop Gregory of Denver, Colorado",430 F.3d 888,BMG Music v. Gonzalez
Cariou v. Prince,268 F.3d 1257,Suntrust Bank v. Houghton Mifflin Co.
"Flo & Eddie, Inc. v. Sirius XM Radio, Inc.",672 F.2d 1095,"Roy Export Co. Establishment of Vaduz, Liechtenstein v. Columbia Broadcasting System, Inc."
"Roy Export Co. Establishment of Vaduz, Liechtenstein v. Columbia Broadcasting System, Inc.",672 F.2d 1095,"Roy Export Co. Establishment of Vaduz, Liechtenstein v. Columbia Broadcasting System, Inc."
TCA Television Corp. v. McCollum,672 F.2d 1095,"Roy Export Co. Establishment of Vaduz, Liechtenstein v. Columbia Broadcasting System, Inc."
"Sony Computer Entertainment, Inc. v. Connectix Corp.",203 F.3d 596,"Sony Computer Entertainment, Inc. v. Connectix Corp."
"Society of the Holy Transfiguration Monastery, Inc. v. Archbishop Gregory of Denver, Colorado",754 F.Supp.2d 219,"Society of the Holy Transfiguration Monastery, Inc. v. Archbishop Gregory of Denver, Colorado"
"Video Pipeline, Inc. v. Buena Vista Home Entertainment, Inc.",227 F.3d 1110,"Worldwide Church of God v. Philadelphia Church of God, Inc."
Myers v. Harold,907 F.Supp. 1361,"Religious Technology Center v. Netcom On-Line Communication Services, Inc."
Cariou v. Prince,364 F.3d 471,NXIVM Corp. v. Ross Institute
"Flo & Eddie, Inc. v. Sirius XM Radio, Inc.",364 F.3d 471,NXIVM Corp. v. Ross Institute
NXIVM Corp. v. Ross Institute,364 F.3d 471,NXIVM Corp. v. Ross Institute
Compaq Computer Corp. v. Ergonome Inc.,387 F.3d 403,Compaq Computer Corp. v. Ergonome Inc.
"Louis Vuitton Malletier, S.A. v. My Other Bag, Inc.",507 F.3d 252,"Louis Vuitton Malletier S.A. v. Haute Diggity Dog, LLC"
Reyher v. Children's Television Workshop,533 F.2d 87,Reyher v. Children's Television Workshop
Cariou v. Prince,137 F.3d 109,Leibovitz v. Paramount Pictures Corp.
"Sony Computer Entertainment, Inc. v. Connectix Corp.",154 F.3d 1107,Micro Star v. Formgen Inc.
"Fox News Network, LLC v. Tveyes, Inc.",883 F.3d 169,"Fox News Network, LLC v. Tveyes, Inc."
Lenz v. Universal Music Corp.,801 F.3d 1126,Lenz v. Universal Music Corp.
Fravel v. Columbus Rehab. & Subacute Inst.,64 F.Supp.3d 1127,Denison v. Larkin
TCA Television Corp. v. McCollum,150 F.3d 132,"Castle Rock Entertainment, Inc. v. Carol Pub. Group, Inc."
"Fox News Network, LLC v. Tveyes, Inc.",970 F.2d 1067,"Arica Institute, Inc. v. Palmer"
Fisher v. Dees,794 F.2d 432,Fisher v. Dees
"Los Angeles News Service v. Reuters Television Intern., Ltd.",794 F.2d 432,Fisher v. Dees
"Fox News Network, LLC v. Tveyes, Inc.",239 F.3d 1004,"A&M Records, Inc. v. Napster, Inc."
Lenz v. Universal Music Corp.,239 F.3d 1004,"A&M Records, Inc. v. Napster, Inc."
"Louis Vuitton Malletier, S.A. v. My Other Bag, Inc.",156 F.Supp.3d 425,"Louis Vuitton Malletier, S.A. v. My Other Bag, Inc."
TCA Television Corp. v. McCollum,151 F.Supp.3d 419,TCA Television Corp. v. McCollum
Cariou v. Prince,868 F.2d 1313,Weissmann v. Freeman
Rogers v. Koons,868 F.2d 1313,Weissmann v. Freeman
Fisher v. Dees,581 F.2d 751,Walt Disney Productions v. Air Pirates
Hustler Magazine Inc. v. Moral Majority Inc.,581 F.2d 751,Walt Disney Productions v. Air Pirates
"MCA, Inc. v. Wilson",581 F.2d 751,Walt Disney Productions v. Air Pirates
Rogers v. Koons,581 F.2d 751,Walt Disney Productions v. Air Pirates
"Roy Export Co. Establishment of Vaduz, Liechtenstein v. Columbia Broadcasting System, Inc.",581 F.2d 751,Walt Disney Productions v. Air Pirates
"Los Angeles News Service v. Reuters Television Intern., Ltd.",108 F.3d 1119,Los Angeles News Service v. KCAL-TV Channel 9
NXIVM Corp. v. Ross Institute,108 F.3d 1119,Los Angeles News Service v. KCAL-TV Channel 9
"Society of the Holy Transfiguration Monastery, Inc. v. Archbishop Gregory of Denver, Colorado",108 F.3d 1119,Los Angeles News Service v. KCAL-TV Channel 9
Kienitz v. Sconnie Nation LLC,354 F.3d 624,"Chicago Bd. of Educ. v. Substance, Inc."
NXIVM Corp. v. Ross Institute,354 F.3d 624,"Chicago Bd. of Educ. v. Substance, Inc."
Cariou v. Prince,960 F.2d 301,Rogers v. Koons
Rogers v. Koons,960 F.2d 301,Rogers v. Koons
Cariou v. Prince,811 F.2d 90,"Salinger v. Random House, Inc."
Rogers v. Koons,811 F.2d 90,"Salinger v. Random House, Inc."
Cariou v. Prince,467 F.3d 244,Blanch v. Koons
Estate of Smith v. Graham,467 F.3d 244,Blanch v. Koons
Institute for Development of Earth Awareness v. People for Ethical Treatment of Animals,467 F.3d 244,Blanch v. Koons
"Society of the Holy Transfiguration Monastery, Inc. v. Archbishop Gregory of Denver, Colorado",467 F.3d 244,Blanch v. Koons
Hustler Magazine Inc. v. Moral Majority Inc.,626 F.2d 1171,"Triangle Publications, Inc. v. Knight-Ridder Newspapers, Inc."
"Roy Export Co. Establishment of Vaduz, Liechtenstein v. Columbia Broadcasting System, Inc.",626 F.2d 1171,"Triangle Publications, Inc. v. Knight-Ridder Newspapers, Inc."
Kienitz v. Sconnie Nation LLC,965 F.Supp.2d 1042,Kienitz v. Sconnie Nation LLC
NXIVM Corp. v. Ross Institute,923 F.Supp. 1231,"Religious Technology Center v. Netcom On-Line Communication Services, Inc."
Bassett v. Jensen,126 F.3d 70,"Ringgold v. Black Entertainment Television, Inc."
TCA Television Corp. v. McCollum,126 F.3d 70,"Ringgold v. Black Entertainment Television, Inc."
"Society of the Holy Transfiguration Monastery, Inc. v. Archbishop Gregory of Denver, Colorado",312 F.3d 94,"Merkos L'Inyonei Chinuch, Inc. v. Otsar Sifrei Lubavitch, Inc."
Bassett v. Jensen,235 F.3d 18,Nunez v. Caribbean Intern. News Corp.
"Society of the Holy Transfiguration Monastery, Inc. v. Archbishop Gregory of Denver, Colorado",235 F.3d 18,Nunez v. Caribbean Intern. News Corp.
Estate of Smith v. Graham,839 F.3d 168,TCA Television Corp. v. McCollum
TCA Television Corp. v. McCollum,839 F.3d 168,TCA Television Corp. v. McCollum
Rogers v. Koons,654 F.2d 204,"Warner Bros. Inc. v. American Broadcasting Companies, Inc."
Myers v. Harold,279 F.Supp.3d 778,Myers v. Harold
Compaq Computer Corp. v. Ergonome Inc.,495 U.S. 207,Stewart v. Abend
Rogers v. Koons,495 U.S. 207,Stewart v. Abend
Stewart v. Abend,495 U.S. 207,Stewart v. Abend
"Flo & Eddie, Inc. v. Sirius XM Radio, Inc.",756 F.3d 73,Swatch Group Management Services Ltd. v. Bloomberg L.P.
"Fox News Network, LLC v. Tveyes, Inc.",756 F.3d 73,Swatch Group Management Services Ltd. v. Bloomberg L.P.
TCA Television Corp. v. McCollum,756 F.3d 73,Swatch Group Management Services Ltd. v. Bloomberg L.P.
Hustler Magazine Inc. v. Moral Majority Inc.,796 F.2d 1148,Hustler Magazine Inc. v. Moral Majority Inc.
"Los Angeles News Service v. Reuters Television Intern., Ltd.",796 F.2d 1148,Hustler Magazine Inc. v. Moral Majority Inc.
"Society of the Holy Transfiguration Monastery, Inc. v. Archbishop Gregory of Denver, Colorado",796 F.2d 1148,Hustler Magazine Inc. v. Moral Majority Inc.
Cariou v. Prince,448 F.3d 605,Bill Graham Archives v. Dorling Kindersley Ltd.
Estate of Smith v. Graham,448 F.3d 605,Bill Graham Archives v. Dorling Kindersley Ltd.
"Fox News Network, LLC v. Tveyes, Inc.",448 F.3d 605,Bill Graham Archives v. Dorling Kindersley Ltd.
Fravel v. Columbus Rehab. & Subacute Inst.,497 F.Supp.2d 627,"Healthcare Advocates, Inc. v. Harding, Earley, Follmer & Frailey"
Cariou v. Prince,464 U.S. 417,"Sony Corp. of America v. Universal City Studios, Inc."
Fisher v. Dees,464 U.S. 417,"Sony Corp. of America v. Universal City Studios, Inc."
"Fox News Network, LLC v. Tveyes, Inc.",464 U.S. 417,"Sony Corp. of America v. Universal City Studios, Inc."
Hustler Magazine Inc. v. Moral Majority Inc.,464 U.S. 417,"Sony Corp. of America v. Universal City Studios, Inc."
Lenz v. Universal Music Corp.,464 U.S. 417,"Sony Corp. of America v. Universal City Studios, Inc."
"Los Angeles News Service v. Reuters Television Intern., Ltd.",464 U.S. 417,"Sony Corp. of America v. Universal City Studios, Inc."
Pieczenik v. Bayer Corp.,464 U.S. 417,"Sony Corp. of America v. Universal City Studios, Inc."
Rogers v. Koons,464 U.S. 417,"Sony Corp. of America v. Universal City Studios, Inc."
"Sony Computer Entertainment, Inc. v. Connectix Corp.",464 U.S. 417,"Sony Corp. of America v. Universal City Studios, Inc."
Stewart v. Abend,464 U.S. 417,"Sony Corp. of America v. Universal City Studios, Inc."
"Video Pipeline, Inc. v. Buena Vista Home Entertainment, Inc.",464 U.S. 417,"Sony Corp. of America v. Universal City Studios, Inc."
"Society of the Holy Transfiguration Monastery, Inc. v. Archbishop Gregory of Denver, Colorado",685 F.Supp.2d 217,"Society of the Holy Transfiguration Monastery, Inc. v. Archbishop Gregory of Denver, Colorado"
Estate of Smith v. Graham,804 F.3d 202,"Authors Guild v. Google, Inc."
"Fox News Network, LLC v. Tveyes, Inc.",804 F.3d 202,"Authors Guild v. Google, Inc."
TCA Television Corp. v. McCollum,804 F.3d 202,"Authors Guild v. Google, Inc."
Bassett v. Jensen,510 U.S. 569,"Campbell v. Acuff-Rose Music, Inc."
Cariou v. Prince,510 U.S. 569,"Campbell v. Acuff-Rose Music, Inc."
Compaq Computer Corp. v. Ergonome Inc.,510 U.S. 569,"Campbell v. Acuff-Rose Music, Inc."
"Fox News Network, LLC v. Tveyes, Inc.",510 U.S. 569,"Campbell v. Acuff-Rose Music, Inc."
Institute for Development of Earth Awareness v. People for Ethical Treatment of Animals,510 U.S. 569,"Campbell v. Acuff-Rose Music, Inc."
Kienitz v. Sconnie Nation LLC,510 U.S. 569,"Campbell v. Acuff-Rose Music, Inc."
"Los Angeles News Service v. Reuters Television Intern., Ltd.",510 U.S. 569,"Campbell v. Acuff-Rose Music, Inc."
"Louis Vuitton Malletier, S.A. v. My Other Bag, Inc.",510 U.S. 569,"Campbell v. Acuff-Rose Music, Inc."
NXIVM Corp. v. Ross Institute,510 U.S. 569,"Campbell v. Acuff-Rose Music, Inc."
"Society of the Holy Transfiguration Monastery, Inc. v. Archbishop Gregory of Denver, Colorado",510 U.S. 569,"Campbell v. Acuff-Rose Music, Inc."
"Sony Computer Entertainment, Inc. v. Connectix Corp.",510 U.S. 569,"Campbell v. Acuff-Rose Music, Inc."
"Video Pipeline, Inc. v. Buena Vista Home Entertainment, Inc.",510 U.S. 569,"Campbell v. Acuff-Rose Music, Inc."
Institute for Development of Earth Awareness v. People for Ethical Treatment of Animals,768 F.Supp.2d 672,Institute for Development of Earth Awareness v. People for Ethical Treatment of Animals
Rogers v. Koons,863 F.2d 1465,"Abend v. MCA, Inc."
Stewart v. Abend,863 F.2d 1465,"Abend v. MCA, Inc."
"Flo & Eddie, Inc. v. Sirius XM Radio, Inc.",62 F.Supp.3d 325,"Flo & Eddie, Inc. v. Sirius XM Radio, Inc."
TCA Television Corp. v. McCollum,246 F.3d 152,"On Davis v. The Gap, Inc."
Kienitz v. Sconnie Nation LLC,292 F.3d 512,"Ty, Inc. v. Publications Intern. Ltd."
"Los Angeles News Service v. Reuters Television Intern., Ltd.",149 F.3d 987,"Los Angeles News Service v. Reuters Television Intern., Ltd."
"Flo & Eddie, Inc. v. Sirius XM Radio, Inc.",336 F.3d 811,Kelly v. Arriba Soft Corp.
"Video Pipeline, Inc. v. Buena Vista Home Entertainment, Inc.",336 F.3d 811,Kelly v. Arriba Soft Corp.
"Fox News Network, LLC v. Tveyes, Inc.",342 F.3d 191,"Video Pipeline, Inc. v. Buena Vista Home Entertainment, Inc."
"Video Pipeline, Inc. v. Buena Vista Home Entertainment, Inc.",342 F.3d 191,"Video Pipeline, Inc. v. Buena Vista Home Entertainment, Inc."
Fravel v. Columbus Rehab. & Subacute Inst.,53 N.E.3d 953,Fravel v. Columbus Rehab. & Subacute Inst.
Cariou v. Prince,953 F.2d 731,"Wright v. Warner Books, Inc."
NXIVM Corp. v. Ross Institute,953 F.2d 731,"Wright v. Warner Books, Inc."
Cariou v. Prince,784 F.Supp.2d 337,Cariou v. Prince
Hustler Magazine Inc. v. Moral Majority Inc.,621 F.2d 57,"Iowa State University Research Foundation, Inc. v. American Broadcasting Companies, Inc."
"Roy Export Co. Establishment of Vaduz, Liechtenstein v. Columbia Broadcasting System, Inc.",621 F.2d 57,"Iowa State University Research Foundation, Inc. v. American Broadcasting Companies, Inc."
Stewart v. Abend,621 F.2d 57,"Iowa State University Research Foundation, Inc. v. American Broadcasting Companies, Inc."
"Sony Computer Entertainment, Inc. v. Connectix Corp.",977 F.2d 1510,"Sega Enterprises Ltd. v. Accolade, Inc."
"Fox News Network, LLC v. Tveyes, Inc.",733 F.Supp.2d 1144,Henley v. DeVore
"Sony Computer Entertainment, Inc. v. Connectix Corp.",64 F.3d 1330,Triad Systems Corp. v. Southeastern Exp. Co.
"Flo & Eddie, Inc. v. Sirius XM Radio, Inc.",755 F.3d 87,"Authors Guild, Inc. v. HathiTrust"
"Fox News Network, LLC v. Tveyes, Inc.",755 F.3d 87,"Authors Guild, Inc. v. HathiTrust"
TCA Television Corp. v. McCollum,755 F.3d 87,"Authors Guild, Inc. v. HathiTrust"
Kienitz v. Sconnie Nation LLC,766 F.3d 756,Kienitz v. Sconnie Nation LLC
TCA Television Corp. v. McCollum,766 F.3d 756,Kienitz v. Sconnie Nation LLC
Bassett v. Jensen,459 F.Supp.3d 293,Bassett v. Jensen
Hustler Magazine Inc. v. Moral Majority Inc.,560 F.2d 1061,Meeropol v. Nizer
"MCA, Inc. v. Wilson",560 F.2d 1061,Meeropol v. Nizer
Estate of Smith v. Graham,714 F.3d 694,Cariou v. Prince
Kienitz v. Sconnie Nation LLC,714 F.3d 694,Cariou v. Prince
"Louis Vuitton Malletier, S.A. v. My Other Bag, Inc.",714 F.3d 694,Cariou v. Prince
TCA Television Corp. v. McCollum,714 F.3d 694,Cariou v. Prince
Cariou v. Prince,575 F.Supp.2d 513,Warner Bros. Entertainment Inc. v. RDR Books
Fisher v. Dees,677 F.2d 180,"MCA, Inc. v. Wilson"
Hustler Magazine Inc. v. Moral Majority Inc.,677 F.2d 180,"MCA, Inc. v. Wilson"
"MCA, Inc. v. Wilson",677 F.2d 180,"MCA, Inc. v. Wilson"
Rogers v. Koons,677 F.2d 180,"MCA, Inc. v. Wilson"
NXIVM Corp. v. Ross Institute,904 F.2d 152,"New Era Publications Intern., ApS v. Carol Pub. Group"
Rogers v. Koons,904 F.2d 152,"New Era Publications Intern., ApS v. Carol Pub. Group"
NXIVM Corp. v. Ross Institute,975 F.2d 832,Atari Games Corp. v. Nintendo of America Inc.
